"Date","BAC","C","JPM","WFC","GS","MS","AXP","COF","USB","FITB","XOM","CVX","COP","EOG","OXY","SLB","HAL","BKR","MRO","XEC"
2019-01-02,24.9599990844727,53.5299987792969,99.3099975585938,46.939998626709,172.029998779297,40.4000015258789,95.6800003051758,77.2600021362305,46.3499984741211,24.2000007629395,69.6900024414062,110.690002441406,63.3800010681152,90.6100006103516,62,37.2000007629395,27.2999992370605,21.0499992370605,14.7200002670288,62.7099990844727
2019-01-03,24.5599994659424,52.560001373291,97.1100006103516,46.5699996948242,169.509994506836,39.6800003051758,93.4300003051758,76.1600036621094,45.7000007629395,24.1800003051758,68.620002746582,108.569999694824,62.1800003051758,89.9700012207031,61.2400016784668,37.5999984741211,27.1299991607666,20.9099998474121,14.6199998855591,61.8400001525879
2019-01-04,25.5799999237061,55.1300010681152,100.690002441406,47.9500007629395,175.050003051758,41.2999992370605,97.6399993896484,79.5400009155273,46.8300018310547,24.7600002288818,71.1500015258789,110.819999694824,63.75,93.9199981689453,63.2099990844727,39.0900001525879,28.4200000762939,21.9599990844727,15.4099998474121,64.9300003051758
2019-01-07,25.5599994659424,55.6100006103516,100.76000213623,47.6399993896484,176.020004272461,41.7099990844727,98.1699981689453,79.9800033569336,46.6100006103516,24.8999996185303,71.5199966430664,112.26000213623,63.4700012207031,94.5100021362305,64.4800033569336,40.1699981689453,28.8199996948242,22.5499992370605,15.6199998855591,66.3600006103516
2019-01-08,25.5100002288818,55.4599990844727,100.569999694824,47.5400009155273,175.369995117188,41.4500007629395,98.6500015258789,80.0199966430664,46.9099998474121,25.0300006866455,72.0400009155273,111.769996643066,64.3199996948242,95.5199966430664,64.9899978637695,40.6699981689453,29.2000007629395,23.2099990844727,15.4799995422363,67.4300003051758
2019-01-09,25.7600002288818,56.3800010681152,100.400001525879,47.7999992370605,176.470001220703,41.7400016784668,98.8300018310547,80.5699996948242,47.4099998474121,25.0499992370605,72.4199981689453,113.269996643066,66.4499969482422,99.1900024414062,65.7799987792969,41.2400016784668,30,23.1700000762939,16.0699996948242,68.7099990844727
2019-01-10,25.7299995422363,56.439998626709,100.389999389648,47.75,176,41.6599998474121,98.2600021362305,79.9499969482422,47.310001373291,24.9200000762939,72.0500030517578,113.449996948242,67.9400024414062,99.120002746582,66.1900024414062,41.6500015258789,30.8700008392334,23.3500003814697,16.3500003814697,70.4599990844727
2019-01-11,26.0300006866455,56.689998626709,99.9100036621094,47.8699989318848,176.929992675781,41.7400016784668,98.5500030517578,80.9400024414062,47.439998626709,25.0599994659424,71.7200012207031,112.540000915527,66.3899993896484,96.870002746582,66.2200012207031,41.7400016784668,30.7000007629395,23.1000003814697,16.1100006103516,70.6399993896484
2019-01-14,26.3700008392334,58.9300003051758,100.940002441406,48.4199981689453,178.720001220703,42.4799995422363,98.4400024414062,81.4000015258789,47.7900009155273,25.3700008392334,71.629997253418,111.720001220703,65.6100006103516,98.5100021362305,65.5800018310547,41.3199996948242,30.3700008392334,23.2399997711182,15.8299999237061,72.0299987792969
2019-01-15,26.5499992370605,61.3800010681152,101.680000305176,47.6699981689453,179.910003662109,42.8800010681152,97.9899978637695,81.5199966430664,47.9700012207031,25.4599990844727,71.6699981689453,112.120002746582,66.0299987792969,98.5899963378906,65.5199966430664,41.7200012207031,30.3500003814697,23.0200004577637,15.8299999237061,73.3199996948242
2019-01-16,28.4500007629395,62.189998626709,102.5,48.939998626709,197.080001831055,44.4900016784668,99.4100036621094,83.620002746582,49.1100006103516,26.2600002288818,71.6399993896484,111.400001525879,65.6600036621094,98.6699981689453,65.1399993896484,41.25,30.3600006103516,23.1499996185303,15.539999961853,73.9199981689453
2019-01-17,28.9899997711182,62.4700012207031,102.919998168945,49.2299995422363,199.089996337891,42.5299987792969,99.4899978637695,83.6500015258789,49.75,26.4099998474121,72.129997253418,111.959999084473,67.0599975585938,99.0500030517578,65.8300018310547,41.3699989318848,30.8999996185303,23.6499996185303,15.789999961853,73.25
2019-01-18,29.2999992370605,63.1199989318848,104.589996337891,50.0099983215332,202.539993286133,43.689998626709,100.480003356934,84.9700012207031,50.2200012207031,27,72.9899978637695,114.370002746582,67.9000015258789,101.050003051758,67.0299987792969,44.7299995422363,32.25,24.1200008392334,16.1000003814697,74.7399978637695
2019-01-22,29.0900001525879,61.8499984741211,102.940002441406,49.8600006103516,197.679992675781,42.4099998474121,99.8300018310547,83.4000015258789,50.1399993896484,27.5599994659424,71.8899993896484,112.339996337891,65.75,96.8600006103516,65.120002746582,43.9599990844727,31.2600002288818,23.7700004577637,15.6899995803833,73.4700012207031
2019-01-23,28.9200000762939,62.1300010681152,102.680000305176,50.1199989318848,196.899993896484,42.1500015258789,99.7099990844727,78.1999969482422,50.5299987792969,27.5699996948242,71.3000030517578,111.389999389648,65.8600006103516,96.5699996948242,64.5699996948242,43.310001373291,31.0499992370605,22.9799995422363,15.5600004196167,72.379997253418
2019-01-24,29.0799999237061,62.7099990844727,102.73999786377,49.9799995422363,197.800003051758,42.0499992370605,99.7200012207031,80.1800003051758,50.8899993896484,27.6499996185303,71.4000015258789,113.51000213623,66.120002746582,97.2399978637695,64.9800033569336,43.560001373291,31.2099990844727,23.0400009155273,15.8000001907349,73.2699966430664
2019-01-25,29.5799999237061,64.0199966430664,103.389999389648,50.1300010681152,200.740005493164,42.9799995422363,100.769996643066,79.620002746582,51.3699989318848,27.7800006866455,71.7200012207031,113.220001220703,66.9899978637695,99.0999984741211,66.5299987792969,45,32.0999984741211,23.4899997711182,15.8999996185303,75.6999969482422
2019-01-28,29.6299991607666,63.8499984741211,103.879997253418,49.8199996948242,199.720001220703,42.6500015258789,100.379997253418,79.4800033569336,51.2700004577637,27.6800003051758,71.2399978637695,112.169998168945,65.3499984741211,98.0999984741211,66.0800018310547,44.2400016784668,31.2299995422363,22.9799995422363,15.8299999237061,74.7099990844727
2019-01-29,29.3899993896484,63.2099990844727,104.169998168945,49.8499984741211,200.5,42.4900016784668,100.959999084473,79.5599975585938,51.0499992370605,27.4300003051758,71.5100021362305,111.830001831055,65.3000030517578,98.870002746582,66.4800033569336,44,30.8500003814697,23.1599998474121,15.9099998474121,75.0299987792969
2019-01-30,29.0699996948242,64.2200012207031,104.410003662109,50.0900001525879,202.479995727539,42.7900009155273,102.669998168945,80.879997253418,51.0400009155273,27.0400009155273,72.2900009155273,113.01000213623,65.6900024414062,99.4499969482422,66.9700012207031,45,31.5699996948242,23.9400005340576,16.0200004577637,76.370002746582
2019-01-31,28.4699993133545,64.4599990844727,103.5,48.9099998474121,198.009994506836,42.2999992370605,102.699996948242,80.5899963378906,51.1599998474121,26.8199996948242,73.2799987792969,114.650001525879,67.6900024414062,99.1999969482422,66.7799987792969,44.2099990844727,31.3600006103516,23.5699996948242,15.789999961853,75.3399963378906
2019-02-01,28.3799991607666,63.6699981689453,103.879997253418,48.9099998474121,196.539993286133,41.8199996948242,103.059997558594,80.879997253418,51.2900009155273,26.8700008392334,75.9199981689453,118.370002746582,68.6800003051758,98.8499984741211,68.0400009155273,44.560001373291,32.1199989318848,24.3500003814697,16,76.1699981689453
2019-02-04,28.8799991607666,64.0599975585938,104.25,49.060001373291,197.720001220703,42.4599990844727,103.419998168945,81.3899993896484,51.5699996948242,27.1399993896484,74.8199996948242,119.73999786377,69.9300003051758,99.379997253418,67.7399978637695,44.5999984741211,32.25,24.5799999237061,16.1499996185303,76.2799987792969
2019-02-05,28.7800006866455,63.810001373291,103.790000915527,49.2700004577637,198.009994506836,42.4500007629395,103.900001525879,80.8600006103516,51.4799995422363,26.8899993896484,75.5899963378906,119.480003356934,69.2600021362305,98.3499984741211,67.3000030517578,45.1399993896484,32.2999992370605,25.0300006866455,15.9399995803833,75.6399993896484
2019-02-06,28.7299995422363,63.8899993896484,103.73999786377,49.2200012207031,196.619995117188,42.3800010681152,104.959999084473,80.1399993896484,51.439998626709,26.7199993133545,75.2600021362305,118.879997253418,69.1100006103516,96.1800003051758,66.629997253418,45.0699996948242,32.0299987792969,24.8799991607666,15.9099998474121,74.7699966430664
2019-02-07,28.2399997711182,62.810001373291,102.379997253418,48.0800018310547,193.070007324219,41.4799995422363,104.389999389648,79.0299987792969,50.9500007629395,26.7800006866455,74.6800003051758,118.230003356934,67.4800033569336,92.9899978637695,64.9199981689453,43.4599990844727,30.5,24.3899993896484,15.2700004577637,71.5599975585938
2019-02-08,28.2900009155273,62.0099983215332,101.360000610352,47.6500015258789,191.669998168945,40.810001373291,104.519996643066,77.8300018310547,50.5800018310547,26.4300003051758,73.9800033569336,117.580001831055,66.2600021362305,92.5,64.9599990844727,42.7799987792969,29.7000007629395,24.6100006103516,15.1300001144409,70.620002746582
2019-02-11,28.4099998474121,61.6100006103516,100.879997253418,47.6500015258789,191.330001831055,40.2099990844727,105.410003662109,78.0400009155273,50.5499992370605,26.6100006103516,74.0999984741211,116.949996948242,66.7399978637695,94.2099990844727,64.8399963378906,43.689998626709,30.2000007629395,24.8199996948242,15.2700004577637,72.2699966430664
2019-02-12,28.6900005340576,62.6699981689453,102.599998474121,49.0499992370605,194.490005493164,41.1500015258789,107,79.7900009155273,51.2099990844727,27.0699996948242,75.4000015258789,118.720001220703,67.4499969482422,95.629997253418,65.75,44.060001373291,30.8400001525879,24.7399997711182,15.4499998092651,72.9000015258789
2019-02-13,28.7000007629395,63.0400009155273,103.089996337891,49.0200004577637,194.690002441406,41.189998626709,107.559997558594,79.9899978637695,50.9099998474121,26.7700004577637,76.25,119.569999694824,67.7799987792969,96.75,65.8499984741211,44.4199981689453,31.3999996185303,25.1299991607666,15.5500001907349,74.3099975585938
2019-02-14,28.3899993896484,62.4199981689453,102.419998168945,48.5200004577637,192.529998779297,40.7200012207031,106.620002746582,79.6100006103516,50.4599990844727,26.5200004577637,76.2699966430664,118.160003662109,69.0999984741211,96.9599990844727,66.5699996948242,44.1399993896484,31.6000003814697,25.6399993896484,16.9099998474121,74.870002746582
2019-02-15,29.1100006103516,64.2699966430664,105.550003051758,49.2200012207031,198.5,41.9900016784668,107.379997253418,81.5699996948242,51.310001373291,27.1700000762939,77.7099990844727,119.349998474121,70.1800003051758,100.25,67.1900024414062,44.9500007629395,31.8500003814697,25.8299999237061,17.0799999237061,75.9899978637695
2019-02-19,29.1299991607666,64.379997253418,105.180000305176,49.3800010681152,198.669998168945,42.1599998474121,106.5,82.1999969482422,51.310001373291,27.5100002288818,78.2300033569336,119.309997558594,69.4899978637695,99.7099990844727,67.629997253418,45.5400009155273,31.7000007629395,26.0900001525879,17.0300006866455,75.0699996948242
2019-02-20,29.4099998474121,64.6399993896484,105.690002441406,49.810001373291,198.600006103516,42.4199981689453,106.779998779297,82.7200012207031,51.5999984741211,27.9300003051758,78.5299987792969,120.279998779297,70.6500015258789,98.7799987792969,68.25,45.9000015258789,32.2900009155273,26.5799999237061,17.0799999237061,76.4199981689453
2019-02-21,29.2900009155273,64.3199996948242,105.470001220703,49.560001373291,196.360000610352,41.9599990844727,106.610000610352,82.0699996948242,51.0499992370605,27.7399997711182,77.8199996948242,119.139999389648,70.2399978637695,95.3499984741211,66.5999984741211,44.7200012207031,31.3799991607666,26.2700004577637,16.6800003051758,73.3199996948242
2019-02-22,29.0799999237061,64.1399993896484,105,49.0200004577637,196,41.7900009155273,107.440002441406,81.1999969482422,51.2799987792969,27.8299999237061,78.4199981689453,119.389999389648,69.9700012207031,95.5299987792969,65.9300003051758,44.3600006103516,31.3199996948242,26.3500003814697,16.8899993896484,74.1800003051758
2019-02-25,29.2700004577637,64.5299987792969,106.099998474121,49.6599998474121,198.649993896484,42.189998626709,106.930000305176,81.4199981689453,51.6100006103516,27.7000007629395,78.5,119.620002746582,69.25,94.75,66.2300033569336,44.7900009155273,31.75,26.75,16.6700000762939,73.7200012207031
2019-02-26,29.2900009155273,64.120002746582,105.290000915527,49.5900001525879,198.899993896484,42.4099998474121,106.940002441406,80.9000015258789,51.2999992370605,27.4599990844727,78.6600036621094,119.940002441406,68.9199981689453,93.9100036621094,66.0400009155273,44.310001373291,31.5400009155273,26.75,16.5200004577637,72.5999984741211
2019-02-27,29.5300006866455,64.4000015258789,105.160003662109,49.9000015258789,198.100006103516,42.560001373291,107.419998168945,82.2600021362305,51.5400009155273,27.8099994659424,79.4700012207031,120.080001831055,69.2200012207031,95.0400009155273,66.6500015258789,44.3499984741211,31.25,26.6700000762939,16.7900009155273,72.6399993896484
2019-02-28,29.0799999237061,63.9799995422363,104.360000610352,49.8899993896484,196.699996948242,41.9799995422363,107.73999786377,83.5800018310547,51.689998626709,27.5799999237061,79.0299987792969,119.580001831055,67.8499984741211,94,66.1500015258789,44.060001373291,30.6900005340576,26.3799991607666,16.6000003814697,71.9100036621094
2019-03-01,29.3099994659424,64.4700012207031,104.430000305176,50.0299987792969,198.199996948242,42.5,108.900001525879,84.2600021362305,51.7200012207031,27.5699996948242,80,122.029998779297,68.9300003051758,96.4199981689453,67.5500030517578,45.189998626709,30.9300003051758,27.1000003814697,17.0799999237061,73.0800018310547
2019-03-04,29.0300006866455,63.75,104.190002441406,50.1100006103516,195.979995727539,42,109,83.3099975585938,51.6699981689453,27.3700008392334,80.3099975585938,122.120002746582,69.9000015258789,96.8099975585938,67.4499969482422,45.2400016784668,30.9799995422363,27.0900001525879,17.2800006866455,74.4899978637695
2019-03-05,29.0799999237061,62.9300003051758,104.110000610352,49.8899993896484,196,41.9000015258789,108.849998474121,82.9700012207031,51.5400009155273,27.3999996185303,80.1900024414062,123.290000915527,69.0100021362305,95.5,67.5299987792969,44.7900009155273,30.2900009155273,27.1100006103516,17.2700004577637,73.5400009155273
2019-03-06,28.8400001525879,62.5099983215332,103.720001220703,49.8199996948242,194.740005493164,41.6199989318848,108.980003356934,82.5100021362305,51.0999984741211,26.8099994659424,79.2799987792969,123.529998779297,68.2900009155273,91.9400024414062,66.1900024414062,43.3699989318848,28.8400001525879,26.3099994659424,16.8600006103516,72.1800003051758
2019-03-07,28.5499992370605,61.9000015258789,102.970001220703,49.6800003051758,192.770004272461,41.1699981689453,107.860000610352,81.2799987792969,50.6800003051758,26.6000003814697,80.1600036621094,121.940002441406,67.9499969482422,91.3499984741211,65.7399978637695,42.4900016784668,27.9300003051758,26.0499992370605,16.8600006103516,71.3899993896484
2019-03-08,28.6499996185303,62.060001373291,103.01000213623,49.7999992370605,195.240005493164,41.3600006103516,107.980003356934,81.370002746582,50.8699989318848,26.6700000762939,79.0100021362305,121.620002746582,65.4300003051758,86.4400024414062,62.7099990844727,41.2900009155273,27.4699993133545,25.7299995422363,16.2700004577637,68.2900009155273
2019-03-11,28.9400005340576,62.310001373291,104.349998474121,49.7599983215332,195.970001220703,41.8499984741211,109.559997558594,82.8499984741211,51.4599990844727,27.0699996948242,79.7799987792969,123.620002746582,65.870002746582,86.2600021362305,63.8800010681152,42.0800018310547,27.8899993896484,26.5,16.5699996948242,68.7399978637695
2019-03-12,28.9400005340576,62.810001373291,104.040000915527,49.6500015258789,196.630004882812,42.0299987792969,110.430000305176,82.9499969482422,51.0499992370605,27.8600006103516,80,123.900001525879,65.629997253418,86.9800033569336,64.1999969482422,42.5900001525879,28.0900001525879,26.8199996948242,16.8999996185303,70.0299987792969
2019-03-13,29.2900009155273,63.6500015258789,104.389999389648,49.9199981689453,197.25,42.4099998474121,112.139999389648,83.7399978637695,51.5800018310547,27.9799995422363,80.7099990844727,124.669998168945,67.3499984741211,88.5699996948242,65.0599975585938,43.1500015258789,28.5,27.25,17.3199996948242,70.5500030517578
2019-03-14,29.4599990844727,64.1100006103516,105.339996337891,50.3499984741211,197.470001220703,42.689998626709,112.349998474121,83.2099990844727,51.7099990844727,28.4099998474121,80.4400024414062,124.599998474121,67.0199966430664,89.6900024414062,65.2099990844727,43.0900001525879,28.4699993133545,27.7099990844727,17.2600002288818,70.5199966430664
2019-03-15,29.2999992370605,65.1900024414062,106.550003051758,50.6599998474121,198.259994506836,43.3300018310547,113.519996643066,84.3300018310547,52.0699996948242,28.3199996948242,80.1500015258789,125.309997558594,67.5899963378906,88.8499984741211,65.4700012207031,42.3899993896484,27.9699993133545,27.8500003814697,17.2700004577637,70.0599975585938
2019-03-18,29.8199996948242,65.9300003051758,107.190002441406,51.7299995422363,202.470001220703,44.0299987792969,113.550003051758,84.9000015258789,52.4500007629395,28.7600002288818,81.0800018310547,125.879997253418,67.6100006103516,91.9199981689453,67.0100021362305,43.3600006103516,28.8700008392334,28.1800003051758,17.3899993896484,71.8899993896484
2019-03-19,29.6499996185303,65.629997253418,106.800003051758,51.4099998474121,201.119995117188,43.9500007629395,112.669998168945,84.4100036621094,51.9300003051758,27.8199996948242,80.870002746582,125.279998779297,67.3499984741211,92.879997253418,66.1699981689453,43.25,29.2600002288818,27.8199996948242,17.1200008392334,70.6900024414062
2019-03-20,28.6399993896484,64.3000030517578,104.519996643066,50.4000015258789,194.320007324219,43.0299987792969,110.769996643066,82.9499969482422,50.3699989318848,26.4599990844727,81.3199996948242,124.690002441406,67.5400009155273,95.8899993896484,67.2600021362305,44.2900009155273,30.1000003814697,28.25,17.6000003814697,72.0800018310547
2019-03-21,28.1800003051758,63.9099998474121,102.870002746582,49.8600006103516,194.580001831055,43.1300010681152,111.819999694824,82.8899993896484,49.6599998474121,25.4799995422363,81.7900009155273,125.860000610352,68.1399993896484,96.870002746582,67.2399978637695,44.2200012207031,30.0400009155273,28.4599990844727,17.6900005340576,72.4300003051758
2019-03-22,27.0100002288818,60.9799995422363,99.7600021362305,48.310001373291,188.960006713867,41.7200012207031,109.459999084473,80,48.2799987792969,24.6200008392334,80.4800033569336,123.089996337891,66.0699996948242,93.6800003051758,65.2399978637695,42.4700012207031,28.7299995422363,27.1599998474121,16.6800003051758,67.9000015258789
2019-03-25,26.8400001525879,60.3300018310547,98.9300003051758,48.0800018310547,188.509994506836,41.25,109.040000915527,79.3600006103516,48.0999984741211,24.4200000762939,79.9199981689453,122.889999389648,67.0699996948242,92.7799987792969,65.129997253418,42.4700012207031,28.2399997711182,27.4300003051758,16.7099990844727,67.9000015258789
2019-03-26,27.2099990844727,61.2200012207031,99.9199981689453,49.0099983215332,190.690002441406,41.8800010681152,109.5,80.6600036621094,48.5099983215332,24.9799995422363,80.9599990844727,124.129997253418,68.5599975585938,94.7699966430664,67.0800018310547,43.0499992370605,28.4699993133545,27.6800003051758,17.1100006103516,70.1100006103516
2019-03-27,27.0300006866455,60.7299995422363,99.5800018310547,48.7700004577637,190.029998779297,41.3699989318848,108.980003356934,80.0699996948242,48.1300010681152,24.9500007629395,80.3399963378906,122.790000915527,67.9100036621094,94.5899963378906,66.3499984741211,42.6800003051758,28.5599994659424,27.2800006866455,17.0599994659424,70.1800003051758
2019-03-28,27.3299999237061,61.9799995422363,100.709999084473,49.0900001525879,191.179992675781,41.9300003051758,109.160003662109,80.9599990844727,48.0400009155273,25.3999996185303,80.7399978637695,123.019996643066,67.379997253418,95.2399978637695,66.5699996948242,43.6199989318848,29.1900005340576,27.1599998474121,16.8199996948242,70.6699981689453
2019-03-29,27.5900001525879,62.2200012207031,101.230003356934,48.3199996948242,191.990005493164,42.2000007629395,109.300003051758,81.6900024414062,48.189998626709,25.2199993133545,80.8000030517578,123.180000305176,66.7399978637695,95.1800003051758,66.1999969482422,43.5699996948242,29.2999992370605,27.7199993133545,16.7099990844727,69.9000015258789
2019-04-01,28.5400009155273,64.3600006103516,104.639999389648,48.810001373291,196.740005493164,43.5299987792969,111.699996948242,84.4800033569336,49.0699996948242,26.25,81.7300033569336,124.940002441406,67.6900024414062,96.9400024414062,67.1800003051758,44.7599983215332,30.1399993896484,27.8400001525879,17.3899993896484,70.0599975585938
2019-04-02,28.8700008392334,64.4199981689453,105.139999389648,48.2099990844727,197.5,43.7000007629395,111,84.6800003051758,49.1399993896484,26.2199993133545,81.379997253418,124.930000305176,66.3499984741211,96.0500030517578,66.629997253418,44.4900016784668,29.9400005340576,26.9899997711182,17.1299991607666,68.5699996948242
2019-04-03,28.8400001525879,65.0599975585938,105.349998474121,48.8600006103516,200.860000610352,44.3800010681152,110.559997558594,85.3099975585938,49.4199981689453,26.2600002288818,80.9000015258789,123.889999389648,65.5100021362305,93.9300003051758,66.0599975585938,43.5900001525879,29.9300003051758,26.4699993133545,16.9300003051758,65.6900024414062
2019-04-04,29.1499996185303,65.8199996948242,105.559997558594,49.1699981689453,202.229995727539,44.9300003051758,110.120002746582,86.6999969482422,49.7900009155273,26.75,82.0500030517578,124.800003051758,65.1600036621094,93.6699981689453,66.4400024414062,44.0999984741211,30.4200000762939,26.7700004577637,17.1399993896484,66.4800033569336
2019-04-05,29.0799999237061,65.5500030517578,105.309997558594,48.7799987792969,202.380004882812,44.9000015258789,110.959999084473,86.5400009155273,49.7000007629395,26.6900005340576,82.4899978637695,126.419998168945,66.120002746582,98.629997253418,68.0400009155273,45,30.9699993133545,26.7800006866455,17.7000007629395,68.8300018310547
2019-04-08,29.1700000762939,66.0699996948242,105.650001525879,48.8800010681152,202.539993286133,44.9799995422363,110.699996948242,86.0400009155273,49.8800010681152,26.8700008392334,83,126.680000305176,66.5500030517578,99.4800033569336,68.370002746582,46.1699981689453,31.2900009155273,26.8199996948242,17.6000003814697,69.3199996948242
2019-04-09,28.8899993896484,65.1999969482422,104.870002746582,48.1399993896484,200.619995117188,44.2599983215332,109.849998474121,85.0999984741211,49.2200012207031,26.4300003051758,81.9300003051758,125.540000915527,65.6999969482422,98.5699996948242,67.2799987792969,45.5800018310547,30.8099994659424,26.6800003051758,17.2600002288818,66.8199996948242
2019-04-10,29.0699996948242,65.5199966430664,105.339996337891,47.7900009155273,202.979995727539,44.4500007629395,110.160003662109,85.629997253418,49.2999992370605,26.7199993133545,81.5599975585938,125.48999786377,66.9700012207031,98.7300033569336,67.1800003051758,45.5499992370605,31.0400009155273,26.8700008392334,17.4500007629395,67.9700012207031
2019-04-11,29.0699996948242,65.9100036621094,106.230003356934,47.7400016784668,202.830001831055,44.7999992370605,109.849998474121,86.25,49.6100006103516,26.9699993133545,81.9499969482422,125.98999786377,66.370002746582,98.7300033569336,67.1800003051758,45.310001373291,31.2000007629395,26.6599998474121,17.1900005340576,67.1999969482422
2019-04-12,30.1700000762939,67.4199981689453,111.209999084473,46.4900016784668,207.839996337891,46.689998626709,110.910003662109,87.8300018310547,50.2200012207031,27.6599998474121,80.9199981689453,119.76000213623,67.370002746582,105.309997558594,65.3300018310547,45.6500015258789,31.3299999237061,26.3799991607666,17.7600002288818,70.8300018310547
2019-04-15,29.8400001525879,67.379997253418,109.940002441406,46.7700004577637,199.910003662109,46.0800018310547,110.529998779297,86.879997253418,49.8899993896484,27.1299991607666,80.6500015258789,120.139999389648,66.3399963378906,102.120002746582,63.3600006103516,46.4000015258789,31.2900009155273,25.9500007629395,17.3799991607666,69.5899963378906
2019-04-16,29.8799991607666,69.3099975585938,111.099998474121,47.6500015258789,201.839996337891,47.0200004577637,111.879997253418,87.9100036621094,50.2799987792969,27.7299995422363,81.1999969482422,121.169998168945,65.8399963378906,102.349998474121,63.6699981689453,47.3400001525879,31.8099994659424,25.8400001525879,17.4699993133545,69.5699996948242
2019-04-17,30.0300006866455,70.3499984741211,114.300003051758,47.5499992370605,207.899993896484,48.2599983215332,111.76000213623,87.9199981689453,50.6699981689453,27.7099990844727,81.4300003051758,120.269996643066,65.7799987792969,101.839996337891,62.6500015258789,47.4099998474121,31.5900001525879,25.7800006866455,17.7399997711182,69.0199966430664
2019-04-18,30.0300006866455,69.6699981689453,113.459999084473,47.5800018310547,205.910003662109,47.5499992370605,113.669998168945,88.1100006103516,51.2099990844727,27.5,81.129997253418,119.860000610352,65.9000015258789,103.870002746582,61.8199996948242,45.560001373291,31.1299991607666,25.6000003814697,17.6200008392334,69.3000030517578
2019-04-22,30.0499992370605,69.0899963378906,113.599998474121,47.2599983215332,204.600006103516,47.2900009155273,112.330001831055,87.6100006103516,51.2000007629395,27.5599994659424,82.9000015258789,121.900001525879,66.9599990844727,107.069999694824,63.0499992370605,45.8499984741211,31.0900001525879,26.6000003814697,18.7800006866455,70.4499969482422
2019-04-23,30.0699996948242,69.1999969482422,113.73999786377,47.3499984741211,204.139999389648,47.3499984741211,113.970001220703,88.1900024414062,51.689998626709,28.3500003814697,83.379997253418,122.019996643066,66.4499969482422,106.599998474121,62.3600006103516,45.8899993896484,31.1499996185303,25.9699993133545,18.6800003051758,71.2399978637695
2019-04-24,30.0200004577637,68.8300018310547,113.550003051758,47.4799995422363,200.539993286133,47.3800010681152,114.019996643066,87.7900009155273,51.6800003051758,28.2800006866455,81.7600021362305,118.279998779297,64.6999969482422,103.940002441406,62,44.2400016784668,30.1100006103516,25.6100006103516,18.1499996185303,70.8600006103516
2019-04-25,30.0799999237061,68.7300033569336,113.610000610352,47.5099983215332,201.399993896484,47.2900009155273,115.879997253418,88.0500030517578,51.8400001525879,28.2600002288818,82.2200012207031,117.900001525879,63.9700012207031,102.080001831055,61.8400001525879,43.2999992370605,29.2199993133545,25.5699996948242,17.9300003051758,69.6699981689453
2019-04-26,30.3500003814697,69.5100021362305,114.470001220703,47.9599990844727,203.080001831055,47.8899993896484,117.599998474121,93.7300033569336,52.3400001525879,28.3999996185303,80.4899978637695,117.099998474121,62.7799987792969,97.879997253418,61.310001373291,43.2999992370605,28.8500003814697,25.5799999237061,17.3799991607666,68.6900024414062
2019-04-29,30.7700004577637,71.0299987792969,116.120002746582,48.2700004577637,206.919998168945,48.4599990844727,116.76000213623,92.379997253418,53,28.75,79.9700012207031,117.720001220703,62.6500015258789,97,60.1300010681152,43.4300003051758,28.7700004577637,25.9699993133545,17.1499996185303,68.5199966430664
2019-04-30,30.5799999237061,70.6999969482422,116.050003051758,48.4099998474121,205.919998168945,48.25,117.230003356934,92.8300018310547,53.3199996948242,28.8199996948242,80.2799987792969,120.059997558594,63.1199989318848,96.0500030517578,58.8800010681152,42.6800003051758,28.3299999237061,24.0200004577637,17.0400009155273,68.6600036621094
2019-05-01,30.2600002288818,69.9599990844727,115.160003662109,48.2299995422363,204.729995727539,47.5699996948242,117.019996643066,92.5800018310547,53.1100006103516,28.5,78.6699981689453,117.809997558594,62.6699981689453,91.8899993896484,57.4799995422363,41.3699989318848,27.5900001525879,23.5499992370605,16.5300006866455,66.879997253418
2019-05-02,30.5,70.3600006103516,115.410003662109,48.2999992370605,204.990005493164,47.810001373291,117.25,92.9199981689453,53.1800003051758,28.8299999237061,77.2900009155273,116.379997253418,61.2900009155273,89.1699981689453,57.3499984741211,41.1199989318848,27.7399997711182,23.5200004577637,15.5200004577637,65.4000015258789
2019-05-03,30.7099990844727,70.6699981689453,116.120002746582,48.6500015258789,207.520004272461,48.060001373291,119.349998474121,94.2600021362305,53.4799995422363,28.9799995422363,77.4700012207031,117.269996643066,62.0099983215332,90.9000015258789,57.9500007629395,41.2799987792969,27.7700004577637,24.1299991607666,15.6800003051758,66.8300018310547
2019-05-06,30.4699993133545,70.4100036621094,115.089996337891,48.4300003051758,206.429992675781,47.7099990844727,119.339996337891,93.6100006103516,53.3400001525879,28.7999992370605,77.129997253418,118.400001525879,61.8800010681152,91.2399978637695,58.7700004577637,41.2400016784668,27.6299991607666,23.9400005340576,15.7700004577637,67.0400009155273
2019-05-07,29.9200000762939,68.1600036621094,113.209999084473,47.1699981689453,202.630004882812,46.7099990844727,118.220001220703,91.5999984741211,52.560001373291,28.0799999237061,76.7200012207031,118.269996643066,61,91.7799987792969,59.689998626709,40.5999984741211,26.9400005340576,23.2099990844727,15.5100002288818,66.0199966430664
2019-05-08,29.7999992370605,68.2200012207031,112.610000610352,47,200.949996948242,46.5299987792969,117.48999786377,90.2200012207031,52.2200012207031,27.7399997711182,76.8399963378906,117.5,61.4300003051758,94.0299987792969,60.2099990844727,40.2700004577637,26.5,22.9500007629395,15.5600004196167,67.2900009155273
2019-05-09,29.7099990844727,67.629997253418,112.519996643066,46.7400016784668,201.630004882812,46.4500007629395,117.26000213623,90.1999969482422,52.1199989318848,27.8299999237061,76.7699966430664,121.190002441406,61.5400009155273,94.2399978637695,56.3300018310547,40.2700004577637,25.9899997711182,22.6100006103516,15.2700004577637,67.4599990844727
2019-05-10,29.5799999237061,67.9000015258789,112.51000213623,47.1500015258789,202.050003051758,46.3400001525879,118.459999084473,90.3899993896484,52.1699981689453,28.0300006866455,76.5599975585938,121.98999786377,61.9199981689453,95,54.9700012207031,39.560001373291,25.3600006103516,22.3199996948242,15.2600002288818,67.7799987792969
2019-05-13,28.25,64.379997253418,109.449996948242,46.3300018310547,194.970001220703,44.1800003051758,115.900001525879,87.5400009155273,50.810001373291,27.0799999237061,75.7099990844727,120.440002441406,61.189998626709,93.5,54.1699981689453,38.1599998474121,24.6499996185303,21.7399997711182,15.0299997329712,66.0899963378906
2019-05-14,28.6200008392334,65.2600021362305,110.319999694824,46.4900016784668,196.279998779297,44.0099983215332,117.01000213623,89.2600021362305,51.0499992370605,27.3799991607666,75.8099975585938,121.639999389648,62.3199996948242,94.3399963378906,54.5499992370605,39,25.4300003051758,22.2800006866455,15.460000038147,67.5
2019-05-15,28.2900009155273,64.870002746582,109.900001525879,45.8400001525879,196.399993896484,43.9000015258789,117.660003662109,89.379997253418,50.7900009155273,27,76.370002746582,122.139999389648,62.0400009155273,94.3600006103516,54.25,39.3300018310547,25.5900001525879,22.7399997711182,15.4300003051758,68.0100021362305
2019-05-16,28.5900001525879,65.9800033569336,111.309997558594,45.9000015258789,199.139999389648,44.2799987792969,119.839996337891,90.9800033569336,51.5,27.2399997711182,76.3600006103516,120.800003051758,62.5699996948242,95.1800003051758,53.75,39.8600006103516,25.8799991607666,22.9799995422363,15.710000038147,69.25
2019-05-17,28.3999996185303,65.0699996948242,110.769996643066,45.7000007629395,197.429992675781,43.8800010681152,119.069999694824,90.5400009155273,51.560001373291,27.2800006866455,75.9100036621094,120.519996643066,62.0999984741211,93.0199966430664,52.7599983215332,39.0200004577637,25.1800003051758,22.9099998474121,15.4700002670288,68.5500030517578
2019-05-20,28.3999996185303,64.9599990844727,111.349998474121,45.4500007629395,197.240005493164,43.8699989318848,119.839996337891,91.379997253418,51.7200012207031,27.3700008392334,75.9000015258789,120.839996337891,62.4500007629395,93.6800003051758,53.4599990844727,39.1199989318848,25.0799999237061,23.2900009155273,15.539999961853,68.6800003051758
2019-05-21,28.6900005340576,66.0800018310547,111.730003356934,46.3300018310547,199.110000610352,44.3899993896484,120.550003051758,92.1999969482422,51.9000015258789,27.4200000762939,76.25,121.339996337891,63.6199989318848,95.629997253418,53.5099983215332,39.5,25.5900001525879,23.6100006103516,15.8400001525879,71.4100036621094
2019-05-22,28.4899997711182,64.6600036621094,110.819999694824,46.0999984741211,195.520004272461,43.4900016784668,120.01000213623,91.2600021362305,51.8499984741211,27.3600006103516,75.5599975585938,120.569999694824,63.0499992370605,92.9100036621094,52.7799987792969,38.3400001525879,24.7399997711182,23.3600006103516,15.4300003051758,68.5899963378906
2019-05-23,27.7600002288818,63.9000015258789,108.639999389648,45.560001373291,191.970001220703,42.7099990844727,118.430000305176,89.25,51.1699981689453,27.0200004577637,73.7900009155273,117.870002746582,59.5,88.8499984741211,52.9099998474121,37.4900016784668,23.5100002288818,23.0599994659424,14.5600004196167,64.0800018310547
2019-05-24,28.1800003051758,64.3899993896484,109.709999084473,46.1699981689453,193,42.9599990844727,119.51000213623,90.7799987792969,51.3300018310547,27.2299995422363,74.0999984741211,118.709999084473,59.8800010681152,87.1600036621094,53.4700012207031,37,22.9699993133545,22.2099990844727,14.4300003051758,64
2019-05-28,27.8999996185303,63.7900009155273,108.519996643066,45.5900001525879,189.440002441406,42.1699981689453,118.169998168945,88.75,50.6699981689453,27.0499992370605,72.6100006103516,118.309997558594,60.0499992370605,87.1100006103516,52.2799987792969,36.5,22.9899997711182,22.1700000762939,14.3299999237061,63.0200004577637
2019-05-29,27.75,63.7099990844727,108.220001220703,45.4799995422363,188.050003051758,42.189998626709,117.01000213623,89.4400024414062,50.5999984741211,27.25,72.1600036621094,116.769996643066,60.1399993896484,86.4300003051758,52,36.1800003051758,23.0100002288818,21.7000007629395,14.0900001525879,61.9099998474121
2019-05-30,27.1599998474121,63.6100006103516,107.059997558594,45.0499992370605,187.369995117188,41.8300018310547,116.73999786377,88.3499984741211,50.4000015258789,26.8899993896484,71.9700012207031,115.379997253418,58.9500007629395,83.9599990844727,51.9099998474121,35.1800003051758,22.1700000762939,21.1700000762939,13.6199998855591,59.1199989318848
2019-05-31,26.6000003814697,62.1500015258789,105.959999084473,44.3699989318848,182.490005493164,40.689998626709,114.709999084473,85.870002746582,50.2000007629395,26.5,70.7699966430664,113.849998474121,58.9599990844727,81.879997253418,49.7700004577637,34.689998626709,21.2900009155273,21.4099998474121,13.1499996185303,57.189998626709
2019-06-03,26.6800003051758,62.6100006103516,106.459999084473,44.5200004577637,183.190002441406,40.7299995422363,114.620002746582,87.0800018310547,50.7299995422363,26.5699996948242,71.879997253418,115.98999786377,59.4199981689453,82.9499969482422,49.3199996948242,35.4900016784668,21.6000003814697,21.8400001525879,13.3299999237061,57.7200012207031
2019-06-04,27.9200000762939,65.879997253418,109.73999786377,45.6800003051758,189.880004882812,42.4799995422363,116.849998474121,89.9199981689453,52.2099990844727,27.3299999237061,73.5899963378906,117.300003051758,59.0999984741211,84.2799987792969,49.689998626709,35.7299995422363,21.9599990844727,22.0400009155273,13.4499998092651,58.9000015258789
2019-06-05,27.9099998474121,65.7799987792969,110.129997253418,45.8600006103516,188.440002441406,42.4300003051758,118.120002746582,89.9000015258789,52.5099983215332,27.1700000762939,72.9800033569336,117.650001525879,57.0800018310547,82.0299987792969,47.4300003051758,34.939998626709,21.1900005340576,22.2299995422363,13.1899995803833,55.7299995422363
2019-06-06,27.8799991607666,66.4700012207031,110.370002746582,45.9199981689453,189.809997558594,42.810001373291,119.430000305176,90.3600006103516,52.7700004577637,27.0900001525879,74.3099975585938,120.680000305176,58.2000007629395,84.2699966430664,49.0400009155273,35.0499992370605,21.5499992370605,22.9500007629395,13.25,56.0299987792969
2019-06-07,27.5300006866455,65.6900024414062,109.160003662109,45.6300010681152,189.809997558594,42.7000007629395,121.110000610352,90.2600021362305,52.6699981689453,26.8299999237061,74.5800018310547,121.480003356934,58.9599990844727,84.5999984741211,47.8400001525879,35.5999984741211,21.6299991607666,23.3199996948242,13.3100004196167,55.4799995422363
2019-06-10,28.0699996948242,67.120002746582,110.339996337891,46.2700004577637,194.119995117188,43.2900009155273,122.660003662109,90.4300003051758,52.9000015258789,27.0200004577637,74.9100036621094,122.290000915527,59.2599983215332,85.1999969482422,47.9000015258789,35.4700012207031,21.7600002288818,23.4099998474121,13.4499998092651,56.3499984741211
2019-06-11,28.2399997711182,67.879997253418,110.680000305176,46.2599983215332,194.729995727539,43.6699981689453,123.230003356934,91.3399963378906,53.1800003051758,27.4099998474121,74.8399963378906,121.169998168945,58.7299995422363,86.5,49.0499992370605,36.689998626709,22.0799999237061,23.1599998474121,13.4099998474121,56.2099990844727
2019-06-12,27.9500007629395,66.8099975585938,109.269996643066,44.9099998474121,190.220001220703,42.6199989318848,122.029998779297,90.5500030517578,52.689998626709,27.1100006103516,74.0299987792969,120.190002441406,58.5499992370605,85.0299987792969,48.7900009155273,35.5800018310547,21.0699996948242,22.2999992370605,13.0200004577637,54.3699989318848
2019-06-13,27.9400005340576,67.0800018310547,109.540000915527,45.2900009155273,191.449996948242,42.9500007629395,121.860000610352,90.7699966430664,52.689998626709,27.2099990844727,74.6800003051758,120.910003662109,59.060001373291,86.4899978637695,49.7299995422363,36.7900009155273,21.6599998474121,22.7800006866455,13.2799997329712,56.6599998474121
2019-06-14,28.0400009155273,67.4800033569336,109.819999694824,45.5900001525879,191.660003662109,42.8199996948242,122,90.5699996948242,52.6199989318848,27.3899993896484,74.3499984741211,120.809997558594,58.8199996948242,85.1699981689453,49.310001373291,35.9300003051758,21.3799991607666,22.1499996185303,12.9799995422363,54.5999984741211
2019-06-17,27.9300003051758,66.5400009155273,109.220001220703,45.2700004577637,190.830001831055,42.5099983215332,121.449996948242,89.9499969482422,51.5099983215332,26.9699993133545,75.0899963378906,121.389999389648,59.0099983215332,85.4700012207031,49.810001373291,36.6599998474121,21.9699993133545,22.3999996185303,13.3299999237061,55.5999984741211
2019-06-18,28.6200008392334,67.9800033569336,110.709999084473,46.0999984741211,194.979995727539,43.3400001525879,123.430000305176,91.2900009155273,52.189998626709,27.8799991607666,75.7399978637695,122.930000305176,59.8300018310547,88.3000030517578,50.3499984741211,36.9300003051758,22.2199993133545,23.0900001525879,13.6700000762939,56.5800018310547
2019-06-19,28.3199996948242,67.5899963378906,109.910003662109,45.6500015258789,195.639999389648,43.1399993896484,124.680000305176,90.4800033569336,52.1199989318848,27.2900009155273,75.3199996948242,122.889999389648,59.6500015258789,88.6500015258789,50.2999992370605,36.5099983215332,21.8099994659424,23.3199996948242,13.6300001144409,55.6599998474121
2019-06-20,28.2700004577637,68.0999984741211,110.190002441406,45.8600006103516,195.699996948242,43.4599990844727,124.919998168945,91.629997253418,52.1599998474121,27.2999992370605,76.6100006103516,124.279998779297,60.7000007629395,91.4499969482422,51.2999992370605,38.25,22.8799991607666,24.3600006103516,14.1099996566772,56.9000015258789
2019-06-21,28.1200008392334,67.9700012207031,109.440002441406,46.8899993896484,195.940002441406,43.5800018310547,124.730003356934,91.5199966430664,52.2599983215332,27.3600006103516,77.6900024414062,124.930000305176,60.3300018310547,92.370002746582,50.6100006103516,38.8800010681152,22.8400001525879,25.1700000762939,14.0500001907349,56.6699981689453
2019-06-24,27.9799995422363,67.4100036621094,108.660003662109,46.2700004577637,197.490005493164,43.0699996948242,124.139999389648,88.7200012207031,52.2999992370605,27.1800003051758,76.9499969482422,124.910003662109,60.5200004577637,90.5599975585938,49.8899993896484,38.6500015258789,22.5100002288818,24.7199993133545,13.9300003051758,55.9099998474121
2019-06-25,27.7600002288818,66.5400009155273,107.76000213623,46.1399993896484,196.059997558594,42.6599998474121,123.160003662109,88.8199996948242,52.0400009155273,27.0900001525879,76.2699966430664,123.639999389648,59.7700004577637,90.0400009155273,49.3800010681152,38.5800018310547,22.5,24.6200008392334,13.8999996185303,55.560001373291
2019-06-26,27.9099998474121,67.2200012207031,108.480003356934,45.7999992370605,197.009994506836,42.9900016784668,123.589996337891,89.379997253418,51.9799995422363,27.2600002288818,76.5999984741211,123.930000305176,62.75,93.0899963378906,50.4199981689453,39.0200004577637,23.2000007629395,24.75,14.3900003433228,57.1800003051758
2019-06-27,28.2099990844727,68.1500015258789,108.839996337891,46.2900009155273,199.320007324219,43.4900016784668,123.940002441406,89.3300018310547,51.9799995422363,27.2900009155273,75.8199996948242,123.110000610352,61.2700004577637,92.1100006103516,49.75,39.1100006103516,22.7299995422363,24.6900005340576,14.1999998092651,57.7599983215332
2019-06-28,29,70.0299987792969,111.800003051758,47.3199996948242,204.600006103516,43.810001373291,123.440002441406,90.7399978637695,52.4000015258789,27.8999996185303,76.629997253418,124.440002441406,61,93.1600036621094,50.2799987792969,39.7400016784668,22.7399997711182,24.6299991607666,14.210000038147,59.3300018310547
2019-07-01,29.4200000762939,70.7399978637695,113.680000305176,47.689998626709,206.860000610352,43.9500007629395,124.919998168945,92.0400009155273,53.0099983215332,28.3199996948242,76.5599975585938,124.839996337891,62.25,93.0899963378906,49.7799987792969,39.3199996948242,22.9500007629395,25.1800003051758,14.25,60.0499992370605
2019-07-02,29.1499996185303,70.4400024414062,113.800003051758,47.2299995422363,205.979995727539,43.8300018310547,125.099998474121,91.0999984741211,52.9300003051758,27.7099990844727,75.7200012207031,122.930000305176,60.0999984741211,87.5599975585938,48.7799987792969,39.1800003051758,22.6499996185303,24.5200004577637,13.5500001907349,58.560001373291
2019-07-03,29.0499992370605,70.8499984741211,112.819999694824,47.6599998474121,206.039993286133,43.9900016784668,125.860000610352,92.9899978637695,53.25,28.1000003814697,76.4400024414062,123.349998474121,60.5,87.1999969482422,49.1699981689453,39.4900016784668,22.8400001525879,24.5100002288818,13.6599998474121,58.7400016784668
2019-07-05,29.2600002288818,71.4000015258789,113.48999786377,47.7700004577637,207.899993896484,44.2099990844727,125.400001525879,92.5400009155273,53.6800003051758,28.3500003814697,76.129997253418,123.540000915527,59.9000015258789,88.5699996948242,49.2799987792969,39.5699996948242,23.0300006866455,24.5499992370605,13.7600002288818,59.1300010681152
2019-07-08,29.2000007629395,71.129997253418,112.870002746582,47.5299987792969,205.75,43.4900016784668,124.849998474121,91.8000030517578,53.0999984741211,28.0599994659424,76.4800033569336,123.599998474121,59.8899993896484,90.1500015258789,49.2999992370605,39.8899993896484,23.25,25.1900005340576,13.5200004577637,56.9900016784668
2019-07-09,29.3500003814697,71.5599975585938,113.349998474121,47.8300018310547,207.770004272461,43.7799987792969,125.900001525879,92.2900009155273,53.3400001525879,28.2600002288818,76.4300003051758,123.349998474121,59.8899993896484,89.1500015258789,49.6100006103516,40.2000007629395,23.5699996948242,25,13.539999961853,57.1399993896484
2019-07-10,29.0200004577637,71.129997253418,113.019996643066,47.1500015258789,205.970001220703,43.310001373291,126.889999389648,90.1600036621094,53.1800003051758,27.6399993896484,77.5100021362305,125.440002441406,61.2099990844727,90.6600036621094,50.2400016784668,40.6199989318848,23.6000003814697,25.3799991607666,13.8999996185303,57.0900001525879
2019-07-11,29.3600006103516,71.6100006103516,114.099998474121,47.1399993896484,211.350006103516,44.1800003051758,127.279998779297,90.7099990844727,53.4700012207031,28.0499992370605,77.5699996948242,125.430000305176,61.4599990844727,90.8399963378906,50.439998626709,40.9700012207031,23.8500003814697,25.2399997711182,13.6499996185303,54.9199981689453
2019-07-12,29.4500007629395,71.7699966430664,115.300003051758,47.3600006103516,213.940002441406,44.8699989318848,127.959999084473,91.0699996948242,53.5999984741211,28.2000007629395,77.629997253418,125.980003356934,61.7599983215332,90.9000015258789,51.7200012207031,40.810001373291,23.75,25.0100002288818,13.9200000762939,55.8699989318848
2019-07-15,29.2199993133545,71.7099990844727,113.900001525879,46.7099990844727,211.580001831055,44.4300003051758,128.570007324219,89.75,53.1199989318848,27.8099994659424,77.0800018310547,125.720001220703,60.6500015258789,88.75,51.6300010681152,40.4700012207031,23.4599990844727,24.6900005340576,13.4799995422363,53.3800010681152
2019-07-16,28.9899997711182,71.3199996948242,115.120002746582,45.2999992370605,215.520004272461,44.4300003051758,128.059997558594,89.9300003051758,53.0400009155273,27.8500003814697,75.9300003051758,124.76000213623,59.75,87,51.0999984741211,40.0699996948242,22.8799991607666,24.0900001525879,13.3199996948242,51.5299987792969
2019-07-17,29.1900005340576,70.8199996948242,113.98999786377,45.2099990844727,213.300003051758,43.7700004577637,127.080001831055,88.1900024414062,54.2200012207031,27.5799999237061,75.4800033569336,124.139999389648,59.7799987792969,85.1900024414062,51.1800003051758,38.6300010681152,21.7800006866455,23.1900005340576,13.2200002670288,49.7599983215332
2019-07-18,29.4799995422363,71.7900009155273,114.669998168945,45.8199996948242,214.520004272461,44.4300003051758,128.399993896484,88.7600021362305,55.189998626709,27.8099994659424,74.8399963378906,124.680000305176,60.3199996948242,85.4300003051758,51.0099983215332,38.7799987792969,21.6800003051758,23.3099994659424,13.3800001144409,49.0800018310547
2019-07-19,29.3999996185303,70.9199981689453,113.540000915527,46.0299987792969,213.520004272461,44.3899993896484,124.819999694824,90.6500015258789,55,27.9400005340576,74.9899978637695,125.040000915527,60.3300018310547,87.0400009155273,52.3300018310547,38.7099990844727,21.75,23.5599994659424,13.6599998474121,49.4099998474121
2019-07-22,29.5699996948242,71.1100006103516,114.269996643066,46.4799995422363,214,44.5,126,91.7200012207031,55.3300018310547,27.8199996948242,75.0699996948242,125.309997558594,60.439998626709,87.2099990844727,52.5099983215332,39.4900016784668,23.7399997711182,23.9599990844727,13.6700000762939,49.6199989318848
2019-07-23,30.25,71.9899978637695,116.360000610352,47.2000007629395,219.429992675781,45.0999984741211,128.199996948242,94.3399963378906,56.0299987792969,29.25,75.370002746582,125.819999694824,60.2799987792969,87.5899963378906,51.7999992370605,39.75,23.8400001525879,24.3099994659424,13.7600002288818,50.3499984741211
2019-07-24,30.6700000762939,73.0100021362305,116.830001831055,48.4500007629395,222.029998779297,45.5,127.949996948242,96.9199981689453,56.5900001525879,29.6599998474121,75.3600006103516,126.540000915527,60.0800018310547,87.6800003051758,52.0499992370605,40.3300018310547,23.7900009155273,24.8600006103516,13.9700002670288,50.5
2019-07-25,30.3400001525879,71.3899993896484,115.709999084473,48.0900001525879,219.979995727539,44.8699989318848,127.150001525879,95.9000015258789,56.560001373291,29.5599994659424,74.9300003051758,125.629997253418,59.0400009155273,85.4700012207031,51.1399993896484,39.9500007629395,23.2199993133545,24.6200008392334,13.75,48.4099998474121
2019-07-26,30.7700004577637,72.1600036621094,116.220001220703,49.2999992370605,222.139999389648,45.7400016784668,126.779998779297,98.0800018310547,57.3800010681152,30.0400009155273,74.8099975585938,123.720001220703,58.75,84.2900009155273,51.5900001525879,40.0099983215332,23.0300006866455,24.8400001525879,13.75,48.2299995422363
2019-07-29,30.5200004577637,71.7600021362305,115.849998474121,48.2799987792969,220.320007324219,45.2299995422363,127.190002441406,96.9199981689453,57.060001373291,29.7700004577637,75.3399963378906,124.230003356934,58.189998626709,83.9199981689453,50.9099998474121,39.2099990844727,22.1800003051758,24.0900001525879,13.5,48.0299987792969
2019-07-30,30.8899993896484,71.7099990844727,115.589996337891,48.5499992370605,221.399993896484,44.6699981689453,126.470001220703,91.2099990844727,57.1399993896484,29.8799991607666,75.3499984741211,124.339996337891,59.5099983215332,86.0599975585938,52.4700012207031,39.5499992370605,23.2000007629395,24.5100002288818,14.1300001144409,51.060001373291
2019-07-31,30.6800003051758,71.1600036621094,116,48.4099998474121,220.130004882812,44.560001373291,124.370002746582,92.4199981689453,57.1500015258789,29.6900005340576,74.3600006103516,123.110000610352,59.0800018310547,85.8499984741211,51.3600006103516,39.9700012207031,23,25.3899993896484,14.0699996948242,50.6699981689453
2019-08-01,29.4899997711182,68.3499984741211,112.940002441406,47.060001373291,211.600006103516,42.9300003051758,124.089996337891,91.3000030517578,55.689998626709,28.3700008392334,72.4599990844727,120.73999786377,58.7999992370605,81.0699996948242,53.1699981689453,38.5099983215332,21.6599998474121,25.2700004577637,13.5299997329712,47.2200012207031
2019-08-02,29.3799991607666,67.6100006103516,112.930000305176,47.439998626709,209.369995117188,42.1199989318848,124.309997558594,89.8499984741211,55.4300003051758,28.2099990844727,71.75,120.730003356934,56.4700012207031,82.4599990844727,51.1800003051758,37.4199981689453,21,24.0799999237061,13.2799997329712,46.6500015258789
2019-08-05,28.0799999237061,65.1800003051758,109.569999694824,46.1399993896484,201.679992675781,40.4900016784668,120.720001220703,86.620002746582,53.0499992370605,26.9799995422363,70.2799987792969,118.73999786377,54.6800003051758,79,49.4199981689453,35.9900016784668,20.3099994659424,23.8099994659424,12.5,44.9199981689453
2019-08-06,28.4200000762939,66.25,110.430000305176,46.9300003051758,206.009994506836,41.2200012207031,122.550003051758,88.3000030517578,53.560001373291,27.2600002288818,70.9599990844727,119.379997253418,54.2299995422363,78.2799987792969,47.5800018310547,35.4599990844727,19.9500007629395,23.6900005340576,12.1599998474121,43.9500007629395
2019-08-07,27.8899993896484,65.1399993896484,108.029998779297,45.810001373291,205.740005493164,40.560001373291,123.540000915527,87.9499969482422,52.6100006103516,26.5400009155273,70.5,119.099998474121,53.3199996948242,77.5500030517578,46,34.7400016784668,19.6499996185303,23.3600006103516,12.0500001907349,43.5400009155273
2019-08-08,28.3799991607666,66.7399978637695,109.860000610352,46.4000015258789,207,41.2700004577637,125.290000915527,88.7600021362305,52.9599990844727,26.8400001525879,72.379997253418,123.230003356934,55.0699996948242,80.3600006103516,47.1300010681152,35.2099990844727,19.9300003051758,24.1399993896484,12.8599996566772,44.1399993896484
2019-08-09,28.3299999237061,66.0500030517578,109.73999786377,46.2999992370605,206.899993896484,41.5,126.169998168945,87.7099990844727,52.7900009155273,26.7399997711182,70.8399963378906,122.419998168945,54.0099983215332,79.370002746582,47.1300010681152,34.5299987792969,19.5200004577637,23.6800003051758,12.8699998855591,43.0200004577637
2019-08-12,27.6399993896484,64.2399978637695,107.680000305176,45.4300003051758,201.520004272461,40.3600006103516,123.949996948242,85.6900024414062,52.2400016784668,26.0799999237061,69.629997253418,121.550003051758,53.1199989318848,77.9199981689453,44.9900016784668,34.2700004577637,19.4099998474121,23.4200000762939,12.7399997711182,41
2019-08-13,27.7199993133545,64.8300018310547,109.339996337891,45.9599990844727,204.110000610352,40.689998626709,126.319999694824,87.2099990844727,52.8300018310547,26.4400005340576,70.4899978637695,122.389999389648,53.8699989318848,78.5199966430664,44.7599983215332,34.6300010681152,19.4799995422363,23.5699996948242,12.9499998092651,42.3899993896484
2019-08-14,26.4200000762939,61.4099998474121,104.800003051758,43.9700012207031,195.559997558594,39.3300018310547,122.650001525879,83.4499969482422,50.9000015258789,25.5100002288818,67.6500015258789,117.73999786377,51.7799987792969,75.0199966430664,43.7000007629395,32.3400001525879,18.3299999237061,22.0100002288818,12.3000001907349,38.3400001525879
2019-08-15,26.25,61.3199996948242,105.199996948242,43.3800010681152,196.179992675781,39.0999984741211,122.379997253418,83.6699981689453,51.2799987792969,25.2199993133545,67.25,116.949996948242,50.9099998474121,74.9400024414062,43.9599990844727,31.6499996185303,18.25,20.7099990844727,12.0200004577637,38.5
2019-08-16,27.0300006866455,63.4799995422363,107.720001220703,44.3899993896484,199.419998168945,39.939998626709,124.629997253418,85.5,52.2799987792969,25.6700000762939,68.3000030517578,115.809997558594,51.4700012207031,75.9199981689453,44.5699996948242,32.7200012207031,18.8700008392334,21.0599994659424,12.4499998092651,41.0499992370605
2019-08-19,27.2700004577637,64.3099975585938,108.690002441406,45.25,202.199996948242,40.3699989318848,124.400001525879,86.9700012207031,52.6699981689453,25.9200000762939,69.4499969482422,117.309997558594,53.939998626709,77.8099975585938,45.5800018310547,34.0999984741211,19.3299999237061,21.4200000762939,12.8800001144409,41.9000015258789
2019-08-20,26.7199993133545,63.4199981689453,107.309997558594,44.6800003051758,199.979995727539,39.9000015258789,121.419998168945,85.2200012207031,51.6300010681152,25.4099998474121,69.0299987792969,116.129997253418,52.7099990844727,76.6900024414062,45.2599983215332,33.9000015258789,19.0599994659424,21.1100006103516,12.6199998855591,40.5
2019-08-21,26.9300003051758,63.25,107.610000610352,45,200.679992675781,39.939998626709,122.5,86.0199966430664,51.8600006103516,25.5499992370605,69.7200012207031,117.879997253418,52.6300010681152,77.2200012207031,45.060001373291,33.689998626709,18.6000003814697,21.2399997711182,12.4200000762939,40.6500015258789
2019-08-22,27.1900005340576,63.9099998474121,108.720001220703,45.6199989318848,202.419998168945,40.2700004577637,122.269996643066,85.7300033569336,52.0499992370605,25.7800006866455,69.5699996948242,117.730003356934,52.2599983215332,75.5100021362305,44.7000007629395,33.7099990844727,18.6700000762939,21.4300003051758,12.2600002288818,40.2099990844727
2019-08-23,26.4699993133545,61.9500007629395,106.019996643066,44.4199981689453,196.199996948242,39.3300018310547,117.76000213623,83.1100006103516,50.9500007629395,25.0799999237061,67.4899978637695,115.180000305176,50.4199981689453,71.75,42.3699989318848,32.0299987792969,17.7199993133545,20.8799991607666,11.75,38.1100006103516
2019-08-26,26.7800006866455,62.7200012207031,106.870002746582,44.9799995422363,199.649993896484,40.1599998474121,118.529998779297,84.2799987792969,51.2900009155273,25.4099998474121,67.8499984741211,115.73999786377,51.3699989318848,72.25,42.1300010681152,31.5900001525879,17.5,21.2999992370605,11.6300001144409,38.1199989318848
2019-08-27,26.4699993133545,61.6599998474121,105.73999786377,44.75,198.070007324219,39.7900009155273,117.75,83.1100006103516,51.0400009155273,25.2999992370605,67.1900024414062,115.830001831055,50.9799995422363,71.6600036621094,42.3499984741211,31.25,17.3099994659424,21.2900009155273,11.5299997329712,37.6300010681152
2019-08-28,26.8500003814697,62.3600006103516,106.800003051758,45.4700012207031,200.419998168945,40.3800010681152,119.089996337891,84.5899963378906,51.5800018310547,25.7700004577637,67.6800003051758,116.830001831055,51.9500007629395,72.5299987792969,43.1100006103516,31.6200008392334,18,21.6399993896484,11.9399995803833,41.5999984741211
2019-08-29,27.3299999237061,63.9000015258789,109.220001220703,46.189998626709,203.440002441406,41.2900009155273,120.73999786377,86.2200012207031,52.3899993896484,26.3099994659424,68.4300003051758,117.519996643066,52.2900009155273,74.4800033569336,43.3699989318848,32.2599983215332,18.5300006866455,21.8799991607666,12.1999998092651,42.310001373291
2019-08-30,27.5100002288818,64.3499984741211,109.860000610352,46.5699996948242,203.910003662109,41.4900016784668,120.370002746582,86.620002746582,52.689998626709,26.4500007629395,68.4800033569336,117.720001220703,52.1800003051758,74.1900024414062,43.4799995422363,32.4300003051758,18.8400001525879,21.6900005340576,11.8400001525879,42.7799987792969
2019-09-03,27.0499992370605,63.4199981689453,108.559997558594,46.0900001525879,198.970001220703,40.9900016784668,117.599998474121,85.3499984741211,52.0200004577637,25.7399997711182,68.5599975585938,116.269996643066,52.0400009155273,74.129997253418,42.6800003051758,31.7199993133545,18.7600002288818,22.1499996185303,11.7700004577637,41.1800003051758
2019-09-04,27.4899997711182,64.2799987792969,109.870002746582,46.5,201.729995727539,41.5299987792969,118.400001525879,85.9599990844727,52.4599990844727,25.9500007629395,69.2900009155273,117.25,53.2999992370605,75.5699996948242,43.5800018310547,32.9799995422363,18.7600002288818,22.6100006103516,12.1099996566772,42.1800003051758
2019-09-05,28.1200008392334,66.3399963378906,112.370002746582,47.6199989318848,207.050003051758,42.4700012207031,120.669998168945,88.3199996948242,53.2700004577637,26.75,70.2699966430664,117.639999389648,53.439998626709,75.5999984741211,45.0900001525879,34.060001373291,19,23.5200004577637,12.539999961853,43.1800003051758
2019-09-06,27.7299995422363,65.9700012207031,112.610000610352,47.1500015258789,207.210006713867,42.1800003051758,120.190002441406,88.1900024414062,53.4099998474121,26.7600002288818,70.9300003051758,118.26000213623,53.6300010681152,76.4400024414062,45.4599990844727,34.2000007629395,19.0900001525879,23.5300006866455,12.4499998092651,42.2700004577637
2019-09-09,28.6299991607666,68.7900009155273,115.400001525879,48.4099998474121,211.979995727539,43.1100006103516,119.919998168945,90.9599990844727,54.9099998474121,27.5300006866455,71.4899978637695,119.389999389648,54.9700012207031,80,44.9700012207031,36.2299995422363,19.9500007629395,24.1800003051758,12.8999996185303,44.8199996948242
2019-09-10,29.3500003814697,68.9800033569336,116.870002746582,48.310001373291,215.630004882812,43.5800018310547,117.309997558594,91.8300018310547,55.8600006103516,27.9200000762939,72.0699996948242,121.849998474121,56.3199996948242,80.0999984741211,46.4300003051758,37.4599990844727,20.0300006866455,24.1100006103516,12.8299999237061,45.060001373291
2019-09-11,29.4599990844727,68.9000015258789,117.190002441406,48.8499984741211,216.800003051758,43.939998626709,118,92.0899963378906,55.9500007629395,27.7900009155273,71.9300003051758,121.279998779297,57.2000007629395,81.0299987792969,46.2900009155273,37.3199996948242,20.0499992370605,22.2900009155273,13.0100002288818,46
2019-09-12,29.6700000762939,69.3000030517578,117.910003662109,48.6500015258789,218.740005493164,44.3199996948242,119.019996643066,92.9100036621094,55.7299995422363,28.0300006866455,71.9800033569336,121.419998168945,56.3499984741211,79.6800003051758,45.4000015258789,36.9000015258789,19.75,22.6399993896484,12.5799999237061,44.310001373291
2019-09-13,30.1700000762939,70.3899993896484,120.230003356934,48.9199981689453,219.899993896484,45.1599998474121,119.199996948242,93.620002746582,56.0800018310547,28.3799991607666,72.6399993896484,121.5,57.3400001525879,79.3899993896484,45.0900001525879,37.3300018310547,20.2700004577637,22.7199993133545,12.6999998092651,47.9500007629395
2019-09-16,30.1299991607666,69.8300018310547,119.160003662109,48.9799995422363,217.220001220703,44.75,117.639999389648,94.3399963378906,55.8600006103516,28.5100002288818,73.7300033569336,124.120002746582,62.5299987792969,85.6399993896484,47.7999992370605,39.310001373291,22.4899997711182,23.8099994659424,14.1700000762939,53.7700004577637
2019-09-17,29.9400005340576,69.4800033569336,118.569999694824,48.7599983215332,215.910003662109,44.2099990844727,119.050003051758,93.8300018310547,55.9000015258789,28.1800003051758,73.1699981689453,123.889999389648,61.2200012207031,81.2200012207031,45.1500015258789,38.1699981689453,21.0300006866455,23.3799991607666,13.0699996948242,50.8400001525879
2019-09-18,30,70.0899963378906,119.76000213623,48.9300003051758,217.080001831055,44.3600006103516,118.73999786377,93.9000015258789,55.9099998474121,28.2900009155273,72.8199996948242,124.180000305176,60.0099983215332,81.3199996948242,44.6199989318848,38.0299987792969,20.8099994659424,23.2299995422363,13.0299997329712,50.75
2019-09-19,29.8199996948242,69.7300033569336,119.379997253418,48.9099998474121,215.229995727539,44.0200004577637,117.790000915527,93.2699966430664,55.7999992370605,27.9500007629395,72.3300018310547,123.660003662109,59.9700012207031,81.6100006103516,45.7900009155273,37.7599983215332,20.9200000762939,23.2099990844727,13.039999961853,50.8199996948242
2019-09-20,29.5900001525879,69.3499984741211,118.900001525879,48.6300010681152,213.740005493164,43.6699981689453,116.800003051758,92.7399978637695,55.439998626709,27.8299999237061,72.0800018310547,124.319999694824,60.8199996948242,81,45.7000007629395,37.2999992370605,20.4400005340576,23.5900001525879,13.1800003051758,50.7099990844727
2019-09-23,29.5200004577637,69.5500030517578,118.879997253418,48.9599990844727,213.460006713867,43.560001373291,118.23999786377,92.8499984741211,55.6800003051758,27.7199993133545,72.129997253418,124.900001525879,60.1800003051758,80.129997253418,45.5,37.3300018310547,20.6100006103516,23.8999996185303,13.1000003814697,50.7900009155273
2019-09-24,28.9400005340576,67.9000015258789,117.330001831055,48.6500015258789,207.75,42.5400009155273,118.169998168945,91.3499984741211,55.3300018310547,27.4500007629395,71.1399993896484,123.73999786377,59.2999992370605,78.5599975585938,45.4700012207031,35.560001373291,19.4899997711182,23.6499996185303,12.2200002670288,48.1800003051758
2019-09-25,29.25,69.379997253418,118,49.2599983215332,210.029998779297,43.0400009155273,119.120002746582,91.2900009155273,55.7400016784668,27.6599998474121,71.3499984741211,123.51000213623,59.4799995422363,76.7699966430664,45.3300018310547,35.2400016784668,19.4400005340576,24.2900009155273,12.3199996948242,46.8899993896484
2019-09-26,29.1299991607666,69.1100006103516,117.029998779297,48.8699989318848,208.220001220703,42.6199989318848,118.910003662109,91.129997253418,55.5699996948242,27.3899993896484,70.9700012207031,120.160003662109,57.6800003051758,75.0899963378906,45.3499984741211,34.5400009155273,19.2700004577637,23.9300003051758,11.9399995803833,46.7200012207031
2019-09-27,29.3500003814697,69.4599990844727,117.720001220703,50.7099990844727,208.970001220703,42.8400001525879,118.589996337891,91.3399963378906,55.4300003051758,27.4799995422363,71.4800033569336,118.599998474121,57.9000015258789,74.9800033569336,45.1399993896484,34.3300018310547,18.7299995422363,24.0400009155273,12.1999998092651,47.8600006103516
2019-09-30,29.1700000762939,69.0800018310547,117.690002441406,50.439998626709,207.229995727539,42.6699981689453,118.279998779297,90.9800033569336,55.3400001525879,27.3799991607666,70.6100006103516,118.599998474121,56.9799995422363,74.2200012207031,44.4700012207031,34.1699981689453,18.8500003814697,23.2000007629395,12.2700004577637,47.939998626709
2019-10-01,28.4400005340576,68.1500015258789,115.550003051758,49.060001373291,202.690002441406,41.3800010681152,116.699996948242,89.0699996948242,53.7799987792969,26.4699993133545,68.9499969482422,116.01000213623,55.1500015258789,71.5800018310547,43.7700004577637,32.7000007629395,18.5799999237061,22.6700000762939,11.789999961853,45.3199996948242
2019-10-02,27.8400001525879,66.2600021362305,113.25,48.4700012207031,198.25,40.2299995422363,112.860000610352,86.25,52.8800010681152,25.9400005340576,67.1500015258789,112.290000915527,53.0699996948242,69.8000030517578,42.939998626709,31.7600002288818,18.1700000762939,22.1399993896484,11.3000001907349,45.689998626709
2019-10-03,27.8099994659424,66.6999969482422,112.190002441406,48.4799995422363,197.240005493164,40.25,112.550003051758,85.8300018310547,53.0499992370605,26.0799999237061,67.9800033569336,113.150001525879,53.6599998474121,70.8399963378906,43.2000007629395,32.0499992370605,18.6399993896484,22.6900005340576,11.6599998474121,46.7799987792969
2019-10-04,28.3700008392334,68.1800003051758,114.620002746582,49.2099990844727,200.800003051758,40.7799987792969,114.410003662109,87.3199996948242,54.0900001525879,26.5,68.9700012207031,113.849998474121,53.5,70.9199981689453,43.0699996948242,31.8799991607666,18.5499992370605,22.4699993133545,11.5600004196167,46.6300010681152
2019-10-07,28.3099994659424,68.1500015258789,114.370002746582,48.810001373291,200.399993896484,40.6800003051758,113.650001525879,86.879997253418,53.9300003051758,26.2900009155273,68.0199966430664,113.26000213623,54.5999984741211,69.7600021362305,42.1800003051758,31.7999992370605,18.3600006103516,21.8999996185303,11.4099998474121,45.3199996948242
2019-10-08,27.6299991607666,66.4000015258789,111.819999694824,47.8199996948242,197.369995117188,39.8199996948242,112.540000915527,84.4000015258789,52.3800010681152,25.4500007629395,66.6999969482422,111.709999084473,53.9000015258789,68.7300033569336,40.8300018310547,30.7099990844727,18.25,21.3799991607666,11.0900001525879,43.9300003051758
2019-10-09,27.8899993896484,67.4300003051758,112.629997253418,48.1500015258789,196.850006103516,40.439998626709,113.919998168945,85.6900024414062,52.6100006103516,25.6599998474121,67.4400024414062,113.139999389648,54.939998626709,68.5899963378906,40.8400001525879,30.8999996185303,18.2700004577637,21.6100006103516,11.1899995803833,43.310001373291
2019-10-10,28.4500007629395,68.620002746582,114.209999084473,48.6500015258789,199.869995117188,41.0499992370605,115.019996643066,87.0299987792969,53.0200004577637,26.1800003051758,68.25,114.589996337891,55.8800010681152,68.9100036621094,41.0299987792969,31.0699996948242,18.4300003051758,21.7999992370605,11.3999996185303,44.8600006103516
2019-10-11,28.9099998474121,70.0999984741211,116.139999389648,49.2099990844727,204.679992675781,41.9300003051758,116.400001525879,88.8199996948242,53.4700012207031,26.8500003814697,68.9800033569336,116.150001525879,56.4300003051758,69.25,41.1199989318848,32.4799995422363,18.9500007629395,22.2299995422363,11.7399997711182,45.3199996948242
2019-10-14,29.1399993896484,70.2399978637695,116.449996948242,49.2700004577637,205.820007324219,42.25,116.389999389648,88.6100006103516,53.2599983215332,26.9899997711182,69.1800003051758,116.180000305176,56.1300010681152,68.1900024414062,40.5099983215332,32.5699996948242,18.7600002288818,22.3199996948242,11.7799997329712,44.6599998474121
2019-10-15,29.7299995422363,71.2200012207031,119.959999084473,50.1100006103516,206.460006713867,42.5299987792969,117.589996337891,90.129997253418,53.7599983215332,27.3799991607666,69.4199981689453,116.309997558594,55.9500007629395,69.25,40.7999992370605,32.810001373291,18.7000007629395,22.2999992370605,11.8400001525879,43.4900016784668
2019-10-16,30.1700000762939,69.5,119.680000305176,49.5900001525879,207.419998168945,42.7900009155273,117.410003662109,89.9400024414062,54.5699996948242,27.1700000762939,68.2300033569336,115.110000610352,54.6100006103516,68.1800003051758,40.3400001525879,31.9500007629395,18.2999992370605,21.9899997711182,11.6199998855591,43.3800010681152
2019-10-17,30.2600002288818,69.5999984741211,120.349998474121,49.6100006103516,206.460006713867,43.439998626709,119.099998474121,90.0100021362305,54.7099990844727,27.0799999237061,68.1399993896484,115.349998474121,54.5299987792969,66.7699966430664,40.3300018310547,31.8899993896484,18.5100002288818,22.0799999237061,11.5500001907349,42.689998626709
2019-10-18,30.3500003814697,69.7399978637695,120.559997558594,49.9700012207031,206.520004272461,43.6599998474121,116.76000213623,89.8000030517578,55.0699996948242,27.3299999237061,67.6100006103516,114.73999786377,53.9500007629395,64.4400024414062,40.4500007629395,32.310001373291,18.4300003051758,22.0799999237061,11.3000001907349,41.3300018310547
2019-10-21,31.0200004577637,71.8099975585938,123.550003051758,50.4599990844727,209.25,44.9799995422363,119.050003051758,91.3199996948242,56.189998626709,28.0200004577637,68.7399978637695,116.610000610352,55.9599990844727,67.6600036621094,40.8199996948242,33.5900001525879,19.6100006103516,22.1200008392334,11.5299997329712,42.5499992370605
2019-10-22,31.2000007629395,72.0599975585938,124.790000915527,50.6199989318848,209.600006103516,45.3800010681152,118.610000610352,92.1600036621094,56.6500015258789,28.2999992370605,69.0899963378906,117.800003051758,56.5400009155273,69.5699996948242,42.2200012207031,34.8199996948242,19.8999996185303,22.6299991607666,11.7299995422363,43.4199981689453
2019-10-23,31.4200000762939,72.4499969482422,125.120002746582,50.9300003051758,211.320007324219,45.9099998474121,116.48999786377,92.7900009155273,56.5800018310547,28.2700004577637,69.75,117.980003356934,56.25,71.9400024414062,42.9199981689453,35.3300018310547,20.2099990844727,23.1200008392334,12.0100002288818,44.5699996948242
2019-10-24,31.3600006103516,72.3000030517578,125.029998779297,51.0999984741211,211.050003051758,45.7599983215332,116.410003662109,91.9800033569336,56.310001373291,28.1900005340576,69.0899963378906,117.580001831055,56.1599998474121,71.9700012207031,42.2900009155273,35.1100006103516,19.9099998474121,22.3299999237061,11.9399995803833,44.7599983215332
2019-10-25,31.7199993133545,73.1699981689453,126.029998779297,51.5699996948242,214.229995727539,46.3699989318848,118.26000213623,93.25,56.7400016784668,29.0499992370605,69.25,118.669998168945,56.3499984741211,72.4800033569336,42.5299987792969,35.0900001525879,20.4799995422363,22.3799991607666,11.9799995422363,45.9900016784668
2019-10-28,31.8400001525879,73.5899963378906,126.51000213623,51.6500015258789,217.75,46.8400001525879,118.580001831055,95.1699981689453,57.0200004577637,29.4400005340576,68.6399993896484,118.480003356934,55.6800003051758,71.0500030517578,42.2799987792969,35.0200004577637,20.2999992370605,21.9899997711182,11.9399995803833,44.5699996948242
2019-10-29,32.0699996948242,73.0899963378906,126.430000305176,52.1699981689453,217.639999389648,46.8300018310547,117.419998168945,94.4599990844727,57.3400001525879,29.6299991607666,68.4400024414062,118.129997253418,57.0900001525879,71.8099975585938,42.3300018310547,34.7900009155273,20.3799991607666,21.8999996185303,12.0100002288818,44.2000007629395
2019-10-30,31.6200008392334,72.9700012207031,125.730003356934,52.0299987792969,215.809997558594,46.2599983215332,118.069999694824,94.5299987792969,57.1199989318848,29.2800006866455,67.7200012207031,116.360000610352,55.0400009155273,69.620002746582,41.3600006103516,33.0999984741211,19.4400005340576,21.6200008392334,11.5600004196167,42.3499984741211
2019-10-31,31.2700004577637,71.8600006103516,124.919998168945,51.6300010681152,213.380004882812,46.0499992370605,117.279998779297,93.25,57.0200004577637,29.0799999237061,67.5699996948242,116.139999389648,55.2000007629395,69.3099975585938,40.5,32.689998626709,19.25,21.3999996185303,11.5299997329712,42.2200012207031
2019-11-01,31.7999992370605,73.8399963378906,127.800003051758,52.1800003051758,217.389999389648,47.3300018310547,119.139999389648,95.25,57.5800018310547,29.5599994659424,69.5999984741211,116.209999084473,57.1500015258789,71.1500015258789,42.2900009155273,34.439998626709,20.0900001525879,21.8999996185303,12.0500001907349,43.9799995422363
2019-11-04,32.4000015258789,75.1500015258789,128.820007324219,52.7200012207031,219.869995117188,48.8300018310547,119.620002746582,96.1699981689453,58.1399993896484,30.0799999237061,71.6699981689453,121.569999694824,58,73.6900024414062,44.2299995422363,36.2400016784668,21.0699996948242,22.3500003814697,12.5200004577637,47.0699996948242
2019-11-05,32.8199996948242,74.8300018310547,129.100006103516,53.2999992370605,218.639999389648,48.75,118.769996643066,97.3000030517578,58.5900001525879,30.3500003814697,73.0899963378906,121.940002441406,58.5099983215332,74.0100021362305,41.9099998474121,36.7200012207031,21.0499992370605,22.6299991607666,12.6400003433228,46.1699981689453
2019-11-06,32.7900009155273,74.4199981689453,129.300003051758,53.7999992370605,218.419998168945,48.560001373291,119.690002441406,97.0400009155273,58.7599983215332,30.4300003051758,71.4899978637695,119.900001525879,57.6300010681152,71.4199981689453,39.6100006103516,35.560001373291,20.6000003814697,21.9500007629395,12.1800003051758,45.9300003051758
2019-11-07,33.2299995422363,75.8099975585938,130,54,223.289993286133,48.6599998474121,121.279998779297,97.6999969482422,59.0999984741211,30.5100002288818,73.0100021362305,121.889999389648,59.5400009155273,74.7399978637695,39.0299987792969,36.0800018310547,20.9599990844727,22.0799999237061,12.5600004196167,45.9300003051758
2019-11-08,33.2599983215332,76.120002746582,130.380004882812,54.0999984741211,222.910003662109,49.1500015258789,121.470001220703,97.2600021362305,58.9000015258789,30.5599994659424,70.7699966430664,120.930000305176,59.1599998474121,74.6999969482422,40.0999984741211,36.3400001525879,21.2800006866455,22.25,12.5299997329712,46.5400009155273
2019-11-11,33.1800003051758,75.5999984741211,129.919998168945,54.0499992370605,219.029998779297,49.0900001525879,120.900001525879,97.0100021362305,58.6399993896484,30.1299991607666,70.3399963378906,120.809997558594,58.9099998474121,73.8199996948242,38.8800010681152,36.4099998474121,21.25,22.2099990844727,12.1599998474121,45.5400009155273
2019-11-12,33.0900001525879,75.0699996948242,129.160003662109,54.2200012207031,220.410003662109,49.0099983215332,120.889999389648,97.2099990844727,58.4799995422363,30.1100006103516,69.370002746582,120.959999084473,58.2299995422363,73.2900009155273,38.439998626709,36.2099990844727,21.0300006866455,22.0900001525879,12.0100002288818,45.0200004577637
2019-11-13,32.7900009155273,73.9100036621094,128.479995727539,53.2900009155273,219.320007324219,48.3899993896484,120.26000213623,96.3099975585938,58.6100006103516,29.8099994659424,68.8000030517578,122.279998779297,57.560001373291,72.6100006103516,38.1199989318848,35.0299987792969,20.6200008392334,21.6399993896484,11.8699998855591,45.7700004577637
2019-11-14,32.7000007629395,73.8399963378906,128.600006103516,53.4900016784668,219.429992675781,48.6100006103516,120.930000305176,96.6399993896484,58.5699996948242,29.7800006866455,68.5,121.959999084473,57.25,72.3499984741211,37.7599983215332,34.7099990844727,20.3299999237061,21.8899993896484,11.8900003433228,45.1699981689453
2019-11-15,32.9300003051758,74.4000015258789,129.529998779297,53.7999992370605,220.25,48.9900016784668,120.76000213623,97.379997253418,59.0900001525879,30.0699996948242,69.1900024414062,120.639999389648,58.25,73.4800033569336,38.9500007629395,35.3600006103516,20.4799995422363,22.6900005340576,12.1000003814697,46.8600006103516
2019-11-18,32.9599990844727,74.4000015258789,130.619995117188,54,219.729995727539,49.0299987792969,119.660003662109,97.1999969482422,59.560001373291,29.8500003814697,68.5199966430664,118.550003051758,56.7000007629395,71.2600021362305,39.2999992370605,34.689998626709,20.1599998474121,22.1700000762939,11.7799997329712,46.5499992370605
2019-11-19,32.939998626709,74.8199996948242,130.580001831055,54.0299987792969,220.039993286133,49.3300018310547,120,97.0699996948242,59.4199981689453,29.8700008392334,67.8199996948242,116.449996948242,57.1699981689453,70.4000015258789,38.1399993896484,34.310001373291,19.8999996185303,22.0100002288818,11.460000038147,45.189998626709
2019-11-20,32.689998626709,73.9100036621094,129.630004882812,53.5400009155273,217.910003662109,49.0999984741211,119.300003051758,96.5100021362305,59.1100006103516,29.7600002288818,68.0299987792969,117.339996337891,59.3600006103516,72.0599975585938,38.4799995422363,36.1399993896484,20.5300006866455,22.4200000762939,11.6899995803833,45.9799995422363
2019-11-21,32.8400001525879,73.9000015258789,129.929992675781,53.560001373291,218.229995727539,48.8400001525879,118.800003051758,96.7699966430664,59.4900016784668,29.7800006866455,69.6699981689453,118.769996643066,60.2099990844727,73.3199996948242,39.1199989318848,36.6199989318848,21.1299991607666,22.5900001525879,11.8900003433228,46.6300010681152
2019-11-22,33.1800003051758,74.870002746582,130.789993286133,54.2799987792969,220.279998779297,49.25,119.059997558594,98.0999984741211,60.0499992370605,30.1000003814697,69.370002746582,118.629997253418,59.9000015258789,72.9899978637695,39.5800018310547,36.6100006103516,20.9899997711182,22.4200000762939,12.1999998092651,46.689998626709
2019-11-25,33.4700012207031,75.6800003051758,131.490005493164,54.2099990844727,222.75,49.9599990844727,120.599998474121,99.8600006103516,59.8199996948242,30.3299999237061,68.9100036621094,118.379997253418,61.0499992370605,73.5199966430664,39.9300003051758,37.0800018310547,21.3400001525879,22.5400009155273,12.1099996566772,47.75
2019-11-26,33.3499984741211,75.4599990844727,131.669998168945,53.810001373291,222.449996948242,49.4099998474121,119.790000915527,99.2200012207031,59.9199981689453,30.2299995422363,68.7399978637695,117.790000915527,60.1100006103516,71.9100036621094,38.5699996948242,36.3899993896484,20.8299999237061,22.6100006103516,11.8299999237061,45.1599998474121
2019-11-27,33.4199981689453,75.7200012207031,132.059997558594,54.3400001525879,222.949996948242,49.7799987792969,120.330001831055,100.25,60.189998626709,30.2900009155273,68.6999969482422,118.069999694824,60.3400001525879,72.3499984741211,38.75,36.7700004577637,21.4099998474121,22.5499992370605,11.8800001144409,46.189998626709
2019-11-29,33.3199996948242,75.120002746582,131.759994506836,54.4599990844727,221.350006103516,49.4799995422363,120.120002746582,100.01000213623,60.0299987792969,30.1900005340576,68.129997253418,117.129997253418,59.939998626709,70.9000015258789,38.5699996948242,36.2000007629395,20.9899997711182,22.4200000762939,11.6499996185303,45.9700012207031
2019-12-02,33.4300003051758,74.5199966430664,131.470001220703,53.6199989318848,217.639999389648,49.0800018310547,117.26000213623,99.2300033569336,59.7599983215332,30.1100006103516,68.4199981689453,116.800003051758,60.3699989318848,70.7900009155273,38.6800003051758,36.3600006103516,21.2900009155273,22.1399993896484,11.960000038147,47.6599998474121
2019-12-03,32.8400001525879,73.3300018310547,129.779998779297,52.5800018310547,212.240005493164,48.1100006103516,116.569999694824,98.1699981689453,58.9300003051758,29.4899997711182,67.879997253418,115.889999389648,58.8899993896484,68.7799987792969,38.0200004577637,34.9900016784668,20.7900009155273,21.3199996948242,11.7600002288818,45.4099998474121
2019-12-04,33.1500015258789,74.2300033569336,132.339996337891,53.2400016784668,215.940002441406,48.8400001525879,117.940002441406,99.25,59.310001373291,29.6700000762939,68.6500015258789,116.940002441406,60.6300010681152,72.0500030517578,38.4500007629395,36.189998626709,21.4699993133545,22.1700000762939,12.1700000762939,47.0200004577637
2019-12-05,33.0900001525879,74.7099990844727,133.059997558594,53.2299995422363,217.139999389648,49.0699996948242,118.279998779297,99.5699996948242,59.5999984741211,29.8700008392334,68.4100036621094,116.330001831055,59.8400001525879,70.5899963378906,37.9799995422363,35.8499984741211,21.4200000762939,22.1399993896484,12.039999961853,46.1599998474121
2019-12-06,33.6699981689453,75.8099975585938,135.039993286133,54.3699989318848,224.610000610352,49.7999992370605,120.610000610352,101.379997253418,60.1399993896484,30.25,69.5100021362305,118.01000213623,61.9700012207031,73.9599990844727,39.0099983215332,36.8899993896484,22.3299999237061,22.2099990844727,12.4499998092651,47.8400001525879
2019-12-09,33.5099983215332,75.3300018310547,134.410003662109,53.9199981689453,221.809997558594,49.5999984741211,120.459999084473,102.209999084473,60,30.2299995422363,69.6600036621094,117.300003051758,61.8300018310547,74.5100021362305,37.3400001525879,37.1599998474121,22.5699996948242,22.25,12.5900001525879,47.6699981689453
2019-12-10,33.5299987792969,75.7799987792969,134.5,53.689998626709,221.880004882812,49.6699981689453,120.900001525879,102.419998168945,59.9500007629395,30.4400005340576,69.0599975585938,117.889999389648,61.7599983215332,74.8399963378906,37.5699996948242,37.3400001525879,22.7900009155273,22.3400001525879,12.5900001525879,47.6599998474121
2019-12-11,33.6399993896484,75.5500030517578,134.179992675781,53.1699981689453,221.190002441406,49.4500007629395,120.639999389648,101.430000305176,59.25,30.3400001525879,68.9599990844727,116.230003356934,61.6800003051758,74.6699981689453,37.5400009155273,38.4000015258789,23.3799991607666,22.6800003051758,12.6099996566772,47.0999984741211
2019-12-12,34.6800003051758,77.0500030517578,138.020004272461,54.3600006103516,226.050003051758,50.689998626709,122.639999389648,104.029998779297,60.5499992370605,31.4899997711182,70.3399963378906,118.809997558594,62.5900001525879,76.7099990844727,38.25,39.0699996948242,24.2999992370605,23.7600002288818,13.0299997329712,49.0400009155273
2019-12-13,34.439998626709,76.3899993896484,136.809997558594,53.7900009155273,225,50.2400016784668,124.720001220703,104.370002746582,60.2700004577637,30.9699993133545,69.2300033569336,117.959999084473,62.7000007629395,75.4899978637695,37.7099990844727,39,23.9899997711182,23.6399993896484,12.7200002670288,48.0699996948242
2019-12-16,34.7000007629395,76.9100036621094,137.339996337891,54.2200012207031,228.039993286133,50.7200012207031,123.680000305176,103.330001831055,60.6599998474121,30.9200000762939,70,119.360000610352,62.8199996948242,77.9100036621094,38.3199996948242,39.4000015258789,24.3500003814697,23.9500007629395,13.1300001144409,48.8400001525879
2019-12-17,35.0400009155273,77.7399978637695,138.179992675781,54.3400001525879,231.149993896484,50.9000015258789,124.949996948242,104.339996337891,60.6800003051758,31.3099994659424,69.6800003051758,118.599998474121,63.5200004577637,78.8099975585938,38.3199996948242,39.4599990844727,24.6900005340576,24.3700008392334,13.3699998855591,50.2599983215332
2019-12-18,35.1100006103516,77.9199981689453,138.039993286133,53.6699981689453,230.449996948242,50.6599998474121,124.26000213623,104.180000305176,60.0900001525879,31.2000007629395,69.870002746582,118.550003051758,63.2000007629395,80.5899963378906,38.6699981689453,39.6199989318848,24.5400009155273,24.7299995422363,13.4200000762939,50.6599998474121
2019-12-19,34.9500007629395,78.1999969482422,137.350006103516,53.6300010681152,229.940002441406,50.8600006103516,124.830001831055,103.379997253418,60.0099983215332,31,69.3899993896484,118.129997253418,63.189998626709,81.25,38.7000007629395,39.6100006103516,24.4799995422363,24.9699993133545,13.1800003051758,51.060001373291
2019-12-20,34.9599990844727,78.5100021362305,137.240005493164,53.3300018310547,228.929992675781,50.689998626709,125.769996643066,103.370002746582,59.7700004577637,31.1499996185303,69.9400024414062,119.680000305176,63.7200012207031,82.6600036621094,39.0099983215332,39.4300003051758,24.4899997711182,25.0900001525879,13.210000038147,51.2000007629395
2019-12-23,35.1699981689453,78.7600021362305,137.199996948242,53.810001373291,229.089996337891,50.7200012207031,124.48999786377,102.930000305176,59.5800018310547,30.9500007629395,70.2900009155273,120.330001831055,64.5999984741211,83.379997253418,39.7099990844727,40.7900009155273,24.8899993896484,25.5100002288818,13.5600004196167,52.439998626709
2019-12-24,35.2200012207031,78.5899963378906,137.580001831055,53.8199996948242,229.910003662109,50.689998626709,124.73999786377,102.949996948242,59.6699981689453,30.9599990844727,70.0199966430664,120.339996337891,64.6699981689453,83.8099975585938,39.8899993896484,40.6500015258789,24.8600006103516,25.4799995422363,13.6199998855591,52.560001373291
2019-12-26,35.5200004577637,79.8300018310547,139.039993286133,54.1500015258789,231.210006713867,51.1100006103516,125.410003662109,103.480003356934,60.1500015258789,31.1200008392334,70.129997253418,120.599998474121,65,83.6500015258789,40.1500015258789,40.0699996948242,24.5400009155273,25.5599994659424,13.6899995803833,52.2400016784668
2019-12-27,35.3499984741211,79.6699981689453,139.139999389648,53.9199981689453,230.660003662109,51.0900001525879,125.190002441406,103,59.7299995422363,30.8999996185303,69.8899993896484,120.300003051758,64.9800033569336,83.1399993896484,40.1599998474121,40,24.3999996185303,25.4899997711182,13.4799995422363,51.9099998474121
2019-12-30,35.1500015258789,79.5100021362305,138.630004882812,53.5999984741211,229.800003051758,50.9599990844727,124.300003051758,102.639999389648,59.1699981689453,30.5499992370605,69.4800033569336,119.849998474121,64.6100006103516,82.3899993896484,40.7000007629395,40.4000015258789,24.5599994659424,25.6299991607666,13.4200000762939,51.8499984741211
2019-12-31,35.2200012207031,79.8899993896484,139.399993896484,53.7999992370605,229.929992675781,51.1199989318848,124.48999786377,102.910003662109,59.2900009155273,30.7399997711182,69.7799987792969,120.51000213623,65.0299987792969,83.7600021362305,41.2099990844727,40.2000007629395,24.4699993133545,25.6299991607666,13.5799999237061,52.4900016784668
